{"cameraMode":{"drawMode":0,"name":"Shaded","section":"Shading Mode"},"sceneLighting":true,"audioPlay":false,"sceneViewState":{"showFog":true,"showMaterialUpdate":true,"showSkybox":true,"showFlares":true,"showImageEffects":true,"showParticleSystems":true},"in2DMode":false,"pivot":{"x":8.513938903808594,"y":9.589459419250489,"z":4.501951217651367},"rotation":{"x":0.36990469694137576,"y":-0.3041852116584778,"z":0.1295943260192871,"w":0.8682471513748169},"size":8.718005180358887,"orthographic":false}